system:index,ABC_SORT,CTU_CODE,CTU_ID,CTU_ID_CEN,CTU_NAME,CTU_TYPE,FIVE_COLOR,Shape_Area,Shape_Leng,max_LST,.geo
00000000000000000007,162,30392,2394440,02394440,Hugo,C,1,9.32252614911E7,38590.4398174,{LST=104.40293435183008},"{""type"":""MultiPoint"",""coordinates"":[]}"
0000000000000000000d,184,35414,2395626,02395626,Landfall,C,1,213686.311085,2302.569273,{LST=101.55471517308266},"{""type"":""MultiPoint"",""coordinates"":[]}"
00000000000000000012,182,35180,2395614,02395614,Lakeville,C,1,9.93702531348E7,46526.406198,{LST=106.36142996676384},"{""type"":""MultiPoint"",""coordinates"":[]}"
00000000000000000015,280,49012,2396098,02396098,Osseo,C,1,1911800.811,7006.86934425,{LST=104.89503347275138},"{""type"":""MultiPoint"",""coordinates"":[]}"
00000000000000000017,164,30842,2395420,02395420,Independence,C,1,8.94421562938E7,45324.7585638,{LST=105.41737696794056},"{""type"":""MultiPoint"",""coordinates"":[]}"
0000000000000000001a,340,61492,2395918,02395918,South St. Paul,C,1,1.61613825454E7,24641.9976307,{LST=104.47278146051056},"{""type"":""MultiPoint"",""coordinates"":[]}"
0000000000000000001e,384,69970,2397299,02397299,White Bear Lake,C,1,2.22668781376E7,39555.9703137,{LST=103.69150946884304},"{""type"":""MultiPoint"",""coordinates"":[]}"
00000000000000000028,52,10846,2393797,02393797,Champlin,C,1,2.26713289051E7,24428.3410566,{LST=104.4211194813541},"{""type"":""MultiPoint"",""coordinates"":[]}"
0000000000000000002b,228,42092,2395317,02395317,Miesville,C,1,4499604.34813,9219.89202385,{LST=102.39135924921437},"{""type"":""MultiPoint"",""coordinates"":[]}"
0000000000000000002d,378,68818,2397235,02397235,Wayzata,C,1,1.21203866089E7,23243.7245263,{LST=105.26125473059221},"{""type"":""MultiPoint"",""coordinates"":[]}"
00000000000000000037,146,26990,2394288,02394288,Hanover,C,1,5535620.66107,12766.3894613,{LST=103.75735199931702},"{""type"":""MultiPoint"",""coordinates"":[]}"
00000000000000000050,196,37502,2395733,02395733,Little Canada,C,1,1.16040956618E7,16125.0664043,{LST=104.81107740889618},"{""type"":""MultiPoint"",""coordinates"":[]}"
00000000000000000063,342,61996,2395934,02395934,Spring Lake Park,C,1,5419705.16967,10156.3033635,{LST=104.35751717326144},"{""type"":""MultiPoint"",""coordinates"":[]}"
00000000000000000064,352,62824,2395969,02395969,Stillwater,C,1,2.35471426896E7,26252.1347205,{LST=103.23957756796332},"{""type"":""MultiPoint"",""coordinates"":[]}"
00000000000000000065,4,01486,2393954,02393954,Andover,C,1,9.02095775317E7,46098.4619168,{LST=105.19064142362943},"{""type"":""MultiPoint"",""coordinates"":[]}"
00000000000000000067,338,60016,2395877,02395877,Shorewood,C,1,2.10989369932E7,39194.0874759,{LST=104.24576783925804},"{""type"":""MultiPoint"",""coordinates"":[]}"
00000000000000000068,218,41138,2395049,02395049,Mayer,C,1,3648495.5856,13620.8552158,{LST=104.28555614094952},"{""type"":""MultiPoint"",""coordinates"":[]}"
00000000000000000069,320,57292,2396508,02396508,St. Marys Point,C,1,994980.771689,4730.89869516,{LST=101.75151022375715},"{""type"":""MultiPoint"",""coordinates"":[]}"
0000000000000000007c,156,29258,2394389,02394389,Hilltop,C,1,316323.128937,2396.14596633,{LST=102.79276015287755},"{""type"":""MultiPoint"",""coordinates"":[]}"
0000000000000000007f,190,37016,2395708,02395708,Lilydale,C,1,2305206.77643,12757.2809417,{LST=104.00768740190904},"{""type"":""MultiPoint"",""coordinates"":[]}"
0000000000000000008e,212,40562,2395007,02395007,Marine on St. Croix,C,1,1.08211692571E7,15464.7793958,{LST=101.63340904888615},"{""type"":""MultiPoint"",""coordinates"":[]}"
00000000000000000091,282,51316,2396211,02396211,Pine Springs,C,1,2339307.54891,7056.29673273,{LST=101.03718654331921},"{""type"":""MultiPoint"",""coordinates"":[]}"
00000000000000000098,230,43000,2395345,02395345,Minneapolis,C,1,1.48630870819E8,61855.6521444,{LST=107.35349605620789},"{""type"":""MultiPoint"",""coordinates"":[]}"
00000000000000000099,62,11494,2393526,02393526,Circle Pines,C,1,5029801.56075,10447.2183197,{LST=102.72992912126053},"{""type"":""MultiPoint"",""coordinates"":[]}"
0000000000000000009a,98,18116,2394614,02394614,Eden Prairie,C,1,9.10214011143E7,44123.6015797,{LST=105.96597364698205},"{""type"":""MultiPoint"",""coordinates"":[]}"
0000000000000000009e,248,45628,2395201,02395201,New Hope,C,1,1.319286305E7,30011.1007139,{LST=104.43535920319593},"{""type"":""MultiPoint"",""coordinates"":[]}"
000000000000000000af,94,17288,2394586,02394586,Eagan,C,1,8.67076658906E7,37511.6586349,{LST=108.2493493944517},"{""type"":""MultiPoint"",""coordinates"":[]}"
000000000000000000b1,10,02026,2393979,02393979,Arden Hills,C,1,2.48471982567E7,23295.7909604,{LST=104.32856490350204},"{""type"":""MultiPoint"",""coordinates"":[]}"
00000000000000000004,198,38006,2395756,02395756,Long Lake,C,2,2476043.10453,11016.4155439,{LST=105.39460892637808},"{""type"":""MultiPoint"",""coordinates"":[]}"
00000000000000000009,312,56770,2396475,02396475,St. Bonifacius,C,2,2679906.80915,8974.28197218,{LST=105.23919240545492},"{""type"":""MultiPoint"",""coordinates"":[]}"
0000000000000000000b,34,07948,2393428,02393428,Brooklyn Center,C,2,2.16956175146E7,22084.0981805,{LST=104.8551968878729},"{""type"":""MultiPoint"",""coordinates"":[]}"
00000000000000000018,166,31076,2395429,02395429,Inver Grove Heights,C,2,7.77207985319E7,46483.7111423,{LST=107.07100768184377},"{""type"":""MultiPoint"",""coordinates"":[]}"
0000000000000000001c,334,59350,2395854,02395854,Shakopee,C,2,7.71773870599E7,53699.9442595,{LST=107.62515295150438},"{""type"":""MultiPoint"",""coordinates"":[]}"
00000000000000000022,284,51730,2396242,02396242,Plymouth,C,2,9.13786420497E7,44381.9685344,{LST=107.84128381170159},"{""type"":""MultiPoint"",""coordinates"":[]}"
00000000000000000025,266,47221,2395261,02395261,North St. Paul,C,2,7798545.50143,13204.8591164,{LST=103.87047922092013},"{""type"":""MultiPoint"",""coordinates"":[]}"
00000000000000000032,100,18188,2394621,02394621,Edina,C,2,4.13790209677E7,29263.8058864,{LST=105.60975991647275},"{""type"":""MultiPoint"",""coordinates"":[]}"
00000000000000000033,176,34622,2395609,02395609,Lakeland,C,2,7612546.00337,16009.9741459,{LST=102.45837728392534},"{""type"":""MultiPoint"",""coordinates"":[]}"
00000000000000000038,28,06382,2394183,02394183,Blaine,C,2,8.8150930446E7,48775.1335124,{LST=104.16992022004098},"{""type"":""MultiPoint"",""coordinates"":[]}"
0000000000000000003a,374,68548,2397211,02397211,Watertown,C,2,6880320.61028,26571.8487223,{LST=105.65592149647267},"{""type"":""MultiPoint"",""coordinates"":[]}"
00000000000000000043,8,01900,2393967,02393967,Apple Valley,C,2,4.52471368628E7,27901.6911122,{LST=105.9431772652752},"{""type"":""MultiPoint"",""coordinates"":[]}"
00000000000000000048,392,71428,2397369,02397369,Woodbury,C,2,9.24828505268E7,40908.9526087,{LST=104.53833539926556},"{""type"":""MultiPoint"",""coordinates"":[]}"
0000000000000000004c,132,25918,2394245,02394245,Greenwood,C,2,2674733.69456,7432.55405561,{LST=103.7105025123415},"{""type"":""MultiPoint"",""coordinates"":[]}"
0000000000000000004e,366,67036,2397135,02397135,Victoria,C,2,2.78318301237E7,27296.1790053,{LST=105.56126383993035},"{""type"":""MultiPoint"",""coordinates"":[]}"
00000000000000000057,264,47104,2395259,02395259,North Oaks,C,2,2.22968414305E7,20515.5752667,{LST=102.28173176513853},"{""type"":""MultiPoint"",""coordinates"":[]}"
00000000000000000058,126,25334,2394963,02394963,Grant,C,2,6.8659214547E7,43291.8454494,{LST=103.5519973395074},"{""type"":""MultiPoint"",""coordinates"":[]}"
0000000000000000005b,170,32174,2395483,02395483,Jordan,C,2,8461537.10044,23188.0689908,{LST=104.83397242048534},"{""type"":""MultiPoint"",""coordinates"":[]}"
00000000000000000066,314,56950,2396487,02396487,St. Francis,C,2,6.05548196113E7,50326.924315,{LST=105.00788107349355},"{""type"":""MultiPoint"",""coordinates"":[]}"
0000000000000000006e,306,55852,2396435,02396435,Roseville,C,2,3.58286464539E7,25828.4992709,{LST=104.58723370363089},"{""type"":""MultiPoint"",""coordinates"":[]}"
00000000000000000075,290,53098,2396316,02396316,Randolph,C,2,2560744.74771,6403.53488289,{LST=102.94531837262434},"{""type"":""MultiPoint"",""coordinates"":[]}"
00000000000000000077,74,13168,2393634,02393634,Corcoran,C,2,9.33964395537E7,40925.1981443,{LST=105.39839386699633},"{""type"":""MultiPoint"",""coordinates"":[]}"
0000000000000000007a,348,62014,2395935,02395935,Spring Park,C,2,1567284.47614,6590.21081944,{LST=104.93233042384726},"{""type"":""MultiPoint"",""coordinates"":[]}"
00000000000000000081,138,26666,2394274,02394274,Hamburg,C,2,520164.074132,6274.66969164,{LST=106.03535100857927},"{""type"":""MultiPoint"",""coordinates"":[]}"
00000000000000000084,288,53026,2396311,02396311,Ramsey,C,2,7.72775580982E7,46587.3927579,{LST=105.1114528613414},"{""type"":""MultiPoint"",""coordinates"":[]}"
0000000000000000008a,274,47914,2395285,02395285,Oak Park Heights,C,2,8771323.63472,23287.9648076,{LST=103.3372038087108},"{""type"":""MultiPoint"",""coordinates"":[]}"
00000000000000000090,224,41678,2395096,02395096,Mendota,C,2,781562.210733,5128.54843975,{LST=102.51728143410166},"{""type"":""MultiPoint"",""coordinates"":[]}"
0000000000000000009b,44,10144,2393762,02393762,Carver,C,2,1.1986888743E7,27459.7654482,{LST=104.65524498083546},"{""type"":""MultiPoint"",""coordinates"":[]}"
000000000000000000a5,66,12664,2393601,02393601,Cologne,C,2,4886859.92312,16948.1006209,{LST=105.99966315399332},"{""type"":""MultiPoint"",""coordinates"":[]}"
000000000000000000ad,368,67432,2397159,02397159,Waconia,C,2,1.34209146666E7,42957.3102366,{LST=105.4069350438769},"{""type"":""MultiPoint"",""coordinates"":[]}"
00000000000000000000,360,66460,2397106,02397106,Vadnais Heights,C,3,2.12632360564E7,22739.9541305,{LST=104.39952405781514},"{""type"":""MultiPoint"",""coordinates"":[]}"
00000000000000000008,88,15616,2394503,02394503,Dellwood,C,3,7283753.76388,21732.8104296,{LST=102.23396203566246},"{""type"":""MultiPoint"",""coordinates"":[]}"
0000000000000000000a,96,17486,2394596,02394596,East Bethel,C,3,1.23506064185E8,45882.4096811,{LST=104.63172158931903},"{""type"":""MultiPoint"",""coordinates"":[]}"
00000000000000000013,322,58000,2396511,02396511,St. Paul,C,3,1.44986744519E8,60764.1601023,{LST=106.93907617366423},"{""type"":""MultiPoint"",""coordinates"":[]}"
00000000000000000016,246,45556,2395195,02395195,New Germany,C,3,2589420.93739,13578.506012,{LST=104.61680112798666},"{""type"":""MultiPoint"",""coordinates"":[]}"
00000000000000000019,16,04834,2394113,02394113,Belle Plaine,C,3,1.61764878004E7,38336.5738923,{LST=108.02665721713235},"{""type"":""MultiPoint"",""coordinates"":[]}"
0000000000000000001b,128,25622,2394988,02394988,Greenfield,C,3,5.56396344173E7,40090.2010307,{LST=107.6373420561113},"{""type"":""MultiPoint"",""coordinates"":[]}"
0000000000000000001d,178,34658,2395610,02395610,Lakeland Shores,C,3,1793847.3069,5643.75467848,{LST=99.74087757000564},"{""type"":""MultiPoint"",""coordinates"":[]}"
0000000000000000001f,268,46924,2395265,02395265,Northfield,C,3,3845132.36778,16980.8822495,{LST=102.34704834454152},"{""type"":""MultiPoint"",""coordinates"":[]}"
00000000000000000036,254,45808,2395211,02395211,New Prague,C,3,5925265.02995,16201.0738538,{LST=105.73221295033508},"{""type"":""MultiPoint"",""coordinates"":[]}"
0000000000000000003b,220,41462,2395082,02395082,Medicine Lake,C,3,958895.242255,4922.33858218,{LST=101.71552072359968},"{""type"":""MultiPoint"",""coordinates"":[]}"
0000000000000000003c,390,70366,2397314,02397314,Willernie,C,3,330818.239614,3833.71347479,{LST=102.28322108778454},"{""type"":""MultiPoint"",""coordinates"":[]}"
00000000000000000040,188,36836,2395696,02395696,Lexington,C,3,1784811.97733,8761.3551928,{LST=104.10251464645334},"{""type"":""MultiPoint"",""coordinates"":[]}"
00000000000000000044,76,13456,2393644,02393644,Cottage Grove,C,3,9.78705435256E7,48474.9599896,{LST=104.64660981495196},"{""type"":""MultiPoint"",""coordinates"":[]}"
00000000000000000045,276,47680,2395287,02395287,Oakdale,C,3,2.92919511496E7,30490.5262211,{LST=104.96830913784612},"{""type"":""MultiPoint"",""coordinates"":[]}"
0000000000000000004f,270,47520,2395278,02395278,Norwood Young America,C,3,6187192.75325,20620.7255872,{LST=106.20847961957898},"{""type"":""MultiPoint"",""coordinates"":[]}"
00000000000000000052,234,43252,2395350,02395350,Minnetonka,C,3,7.24428214228E7,53181.3660757,{LST=105.40180721527095},"{""type"":""MultiPoint"",""coordinates"":[]}"
0000000000000000005e,258,46024,2395216,02395216,New Trier,C,3,490532.705615,3727.75402897,{LST=99.93453018982157},"{""type"":""MultiPoint"",""coordinates"":[]}"
0000000000000000006a,286,52594,2396284,02396284,Prior Lake,C,3,5.0509397081E7,48925.1412534,{LST=105.2507582849383},"{""type"":""MultiPoint"",""coordinates"":[]}"
0000000000000000006d,72,13114,2393628,02393628,Coon Rapids,C,3,6.03662686905E7,35697.0701162,{LST=107.92828772391205},"{""type"":""MultiPoint"",""coordinates"":[]}"
0000000000000000006f,58,10972,2393809,02393809,Chaska,C,3,4.61663039574E7,36204.0916756,{LST=105.40398919135265},"{""type"":""MultiPoint"",""coordinates"":[]}"
00000000000000000071,298,54808,2396388,02396388,Robbinsdale,C,3,7721613.44308,13819.4106303,{LST=104.16545911632221},"{""type"":""MultiPoint"",""coordinates"":[]}"
00000000000000000078,84,15022,2394471,02394471,Dayton,C,3,6.48592105892E7,35136.2645301,{LST=105.39872945758044},"{""type"":""MultiPoint"",""coordinates"":[]}"
00000000000000000086,244,45430,2395187,02395187,New Brighton,C,3,1.83401507499E7,19934.1985564,{LST=104.6027649903074},"{""type"":""MultiPoint"",""coordinates"":[]}"
00000000000000000093,331,58900,2396548,02396548,Scandia,C,3,1.02891563357E8,43856.1608298,{LST=103.60656142210166},"{""type"":""MultiPoint"",""coordinates"":[]}"
00000000000000000096,278,48580,2396081,02396081,Orono,C,3,6.21367807286E7,59779.0907478,{LST=104.16269067178385},"{""type"":""MultiPoint"",""coordinates"":[]}"
0000000000000000009d,362,66802,2397127,02397127,Vermillion,C,3,2566570.55209,6581.5587579,{LST=102.69002400713636},"{""type"":""MultiPoint"",""coordinates"":[]}"
000000000000000000a0,24,06058,2394171,02394171,Birchwood Village,C,3,867163.546221,4536.5733209,{LST=98.89142891623906},"{""type"":""MultiPoint"",""coordinates"":[]}"
000000000000000000a6,192,37322,2395725,02395725,Lino Lakes,C,3,8.60552611155E7,52314.7385835,{LST=104.1423708706134},"{""type"":""MultiPoint"",""coordinates"":[]}"
000000000000000000aa,356,63544,2396006,02396006,Sunfish Lake,C,3,4382557.33767,8106.90469991,{LST=102.27820483030058},"{""type"":""MultiPoint"",""coordinates"":[]}"
000000000000000000b2,108,20078,2394717,02394717,Excelsior,C,3,2253559.32518,8007.63479825,{LST=104.99031479096034},"{""type"":""MultiPoint"",""coordinates"":[]}"
000000000000000000b9,32,06616,2394198,02394198,Bloomington,C,3,9.93174390501E7,45953.2818849,{LST=106.69588504495698},"{""type"":""MultiPoint"",""coordinates"":[]}"
00000000000000000001,140,26864,2394282,02394282,Hampton,C,4,3253363.33174,7898.72293331,{LST=101.21838063332643},"{""type"":""MultiPoint"",""coordinates"":[]}"
00000000000000000002,318,57220,2396500,02396500,St. Louis Park,C,4,2.79734795013E7,27156.0066054,{LST=109.02657967765812},"{""type"":""MultiPoint"",""coordinates"":[]}"
00000000000000000006,296,54214,2396362,02396362,Richfield,C,4,1.80530711742E7,17981.2523684,{LST=104.794876943618},"{""type"":""MultiPoint"",""coordinates"":[]}"
0000000000000000000c,308,56680,2396471,02396471,St. Anthony,C,4,6100706.36445,12769.2180635,{LST=104.3295102932378},"{""type"":""MultiPoint"",""coordinates"":[]}"
00000000000000000010,80,14158,2393683,02393683,Crystal,C,4,1.51800831194E7,33917.4649057,{LST=104.91026363777377},"{""type"":""MultiPoint"",""coordinates"":[]}"
00000000000000000014,240,44476,2395111,02395111,Mound,C,4,1.31253522251E7,17819.4192311,{LST=105.00005123797574},"{""type"":""MultiPoint"",""coordinates"":[]}"
00000000000000000020,330,58738,2396543,02396543,Savage,C,4,4.2490968896E7,32994.6206664,{LST=111.30146297386403},"{""type"":""MultiPoint"",""coordinates"":[]}"
00000000000000000023,6,01720,2393964,02393964,Anoka,C,4,1.84291961525E7,24026.015964,{LST=104.9947593117322},"{""type"":""MultiPoint"",""coordinates"":[]}"
00000000000000000026,56,10918,2393799,02393799,Chanhassen,C,4,5.90378526362E7,43039.3574315,{LST=107.39310235535017},"{""type"":""MultiPoint"",""coordinates"":[]}"
00000000000000000029,260,45790,2395227,02395227,Newport,C,4,1.00547505336E7,16600.4805667,{LST=104.05599868347132},"{""type"":""MultiPoint"",""coordinates"":[]}"
0000000000000000002c,86,15148,2394486,02394486,Deephaven,C,4,1.01145330689E7,16272.4023799,{LST=104.2476427126606},"{""type"":""MultiPoint"",""coordinates"":[]}"
00000000000000000035,110,20420,2394738,02394738,Falcon Heights,C,4,5798036.37022,11249.4506272,{LST=104.11583677072024},"{""type"":""MultiPoint"",""coordinates"":[]}"
0000000000000000003d,236,43270,2395351,02395351,Minnetonka Beach,C,4,3971697.35149,8137.59796182,{LST=102.15883706587711},"{""type"":""MultiPoint"",""coordinates"":[]}"
00000000000000000041,302,55186,2396415,02396415,Rogers,C,4,6.797439185E7,42227.9698676,{LST=105.65048827369873},"{""type"":""MultiPoint"",""coordinates"":[]}"
0000000000000000004b,22,05554,2394156,02394156,Bethel,C,4,2698776.72246,7336.74806169,{LST=105.00889827044244},"{""type"":""MultiPoint"",""coordinates"":[]}"
0000000000000000004d,226,41696,2395097,02395097,Mendota Heights,C,4,2.6005124678E7,30530.9080371,{LST=104.89484567704363},"{""type"":""MultiPoint"",""coordinates"":[]}"
00000000000000000053,271,47536,2437910,02437910,Nowthen,C,4,9.11707968581E7,38230.2945292,{LST=104.999620493978},"{""type"":""MultiPoint"",""coordinates"":[]}"
00000000000000000076,120,22814,2394826,02394826,Fridley,C,4,2.79952458831E7,31458.5867116,{LST=105.60385749737607},"{""type"":""MultiPoint"",""coordinates"":[]}"
00000000000000000080,12,04114,2394090,02394090,Bayport,C,4,4514956.87025,19540.6003787,{LST=102.40833755198139},"{""type"":""MultiPoint"",""coordinates"":[]}"
0000000000000000008b,136,26738,2394273,02394273,Ham Lake,C,4,9.26246607747E7,38530.9466401,{LST=105.19656098535874},"{""type"":""MultiPoint"",""coordinates"":[]}"
0000000000000000008c,50,10648,2393784,02393784,Centerville,C,4,6311613.76895,12856.7403104,{LST=102.92850452115275},"{""type"":""MultiPoint"",""coordinates"":[]}"
0000000000000000008d,172,34244,2395589,02395589,Lake Elmo,C,4,6.27000319195E7,35406.865302,{LST=103.14476231186518},"{""type"":""MultiPoint"",""coordinates"":[]}"
00000000000000000092,204,39428,2395818,02395818,Mahtomedi,C,4,1.47476817108E7,31493.7124171,{LST=103.48165663685398},"{""type"":""MultiPoint"",""coordinates"":[]}"
00000000000000000095,304,55726,2396433,02396433,Rosemount,C,4,9.11853976101E7,45138.0153772,{LST=107.12309022594215},"{""type"":""MultiPoint"",""coordinates"":[]}"
00000000000000000097,300,55006,2396406,02396406,Rockford,C,4,759166.560471,6878.6584154,{LST=105.61152725130742},"{""type"":""MultiPoint"",""coordinates"":[]}"
0000000000000000009c,114,21770,2394789,02394789,Forest Lake,C,4,9.19093930949E7,38352.513823,{LST=105.01561216791988},"{""type"":""MultiPoint"",""coordinates"":[]}"
000000000000000000a3,336,59998,2395876,02395876,Shoreview,C,4,3.27424755423E7,35641.8394751,{LST=105.58131110115853},"{""type"":""MultiPoint"",""coordinates"":[]}"
000000000000000000a4,200,38222,2395764,02395764,Loretto,C,4,661837.949936,3254.13800434,{LST=105.4208125474684},"{""type"":""MultiPoint"",""coordinates"":[]}"
000000000000000000a7,174,34865,2395599,02395599,Lake St. Croix Beach,C,4,2550714.60382,7196.15056796,{LST=102.99501748897734},"{""type"":""MultiPoint"",""coordinates"":[]}"
000000000000000000a8,206,40166,2395838,02395838,Maple Grove,C,4,9.07661873471E7,42714.9036345,{LST=105.78806521650596},"{""type"":""MultiPoint"",""coordinates"":[]}"
000000000000000000ae,208,40256,2395841,02395841,Maple Plain,C,4,2775818.87775,8899.63042219,{LST=105.6878479386238},"{""type"":""MultiPoint"",""coordinates"":[]}"
000000000000000000b3,122,23318,2394871,02394871,Gem Lake,C,4,2861225.97768,7748.98299258,{LST=104.08407669065555},"{""type"":""MultiPoint"",""coordinates"":[]}"
00000000000000000003,36,07966,2393429,02393429,Brooklyn Park,C,5,6.87035946959E7,41813.9033965,{LST=105.13939092299839},"{""type"":""MultiPoint"",""coordinates"":[]}"
00000000000000000021,394,71500,2397370,02397370,Woodland,C,5,3002366.07016,6624.89921109,{LST=101.70198700578085},"{""type"":""MultiPoint"",""coordinates"":[]}"
00000000000000000024,324,58018,2396516,02396516,St. Paul Park,C,5,9449264.53532,14839.7984104,{LST=104.05565983672206},"{""type"":""MultiPoint"",""coordinates"":[]}"
00000000000000000031,2,00316,2393887,02393887,Afton,C,5,6.81968227703E7,38529.2727924,{LST=102.62922140077157},"{""type"":""MultiPoint"",""coordinates"":[]}"
00000000000000000039,112,20618,2394747,02394747,Farmington,C,5,3.83976984654E7,48567.3867177,{LST=104.90536737618636},"{""type"":""MultiPoint"",""coordinates"":[]}"
00000000000000000042,210,40382,2395846,02395846,Maplewood,C,5,4.66958970689E7,58011.0637893,{LST=104.45483010574847},"{""type"":""MultiPoint"",""coordinates"":[]}"
00000000000000000046,358,65164,2397036,02397036,Tonka Bay,C,5,5448122.39513,10607.3203812,{LST=105.1144344285676},"{""type"":""MultiPoint"",""coordinates"":[]}"
0000000000000000005d,160,30140,2394417,02394417,Hopkins,C,5,1.05758033564E7,21435.2978594,{LST=107.58743748882374},"{""type"":""MultiPoint"",""coordinates"":[]}"
0000000000000000005f,40,08794,2393472,02393472,Burnsville,C,5,6.98752675373E7,38183.1741365,{LST=107.13283160778022},"{""type"":""MultiPoint"",""coordinates"":[]}"
0000000000000000006b,272,47690,2395282,02395282,Oak Grove,C,5,9.11436286867E7,40705.8810011,{LST=105.29877086310395},"{""type"":""MultiPoint"",""coordinates"":[]}"
00000000000000000073,64,12376,2393579,02393579,Coates,C,5,3906016.30009,10832.8621921,{LST=102.99214676693288},"{""type"":""MultiPoint"",""coordinates"":[]}"
00000000000000000074,238,43306,2395352,02395352,Minnetrista,C,5,8.01324123882E7,54686.9181614,{LST=105.87541945444305},"{""type"":""MultiPoint"",""coordinates"":[]}"
0000000000000000007b,124,24308,2394924,02394924,Golden Valley,C,5,2.7303424207E7,24214.4968886,{LST=106.2794072595134},"{""type"":""MultiPoint"",""coordinates"":[]}"
0000000000000000007d,186,35738,2395642,02395642,Lauderdale,C,5,1089322.94171,4412.35281471,{LST=103.63075293015524},"{""type"":""MultiPoint"",""coordinates"":[]}"
0000000000000000007e,382,69700,2397275,02397275,West St. Paul,C,5,1.29579368449E7,15116.5558187,{LST=104.58527567990816},"{""type"":""MultiPoint"",""coordinates"":[]}"
00000000000000000087,102,18662,2394658,02394658,Elko New Market,C,5,9009883.58354,29588.5293956,{LST=103.78263490008305},"{""type"":""MultiPoint"",""coordinates"":[]}"
0000000000000000009f,152,27530,2394320,02394320,Hastings,C,5,3.10351949665E7,32194.4332271,{LST=103.31378159230208},"{""type"":""MultiPoint"",""coordinates"":[]}"
000000000000000000a1,68,12700,2393607,02393607,Columbia Heights,C,5,9107626.01321,15940.4229232,{LST=105.17888876509922},"{""type"":""MultiPoint"",""coordinates"":[]}"
000000000000000000a2,242,44530,2395118,02395118,Mounds View,C,5,1.07493523883E7,15358.9043103,{LST=103.73734758481795},"{""type"":""MultiPoint"",""coordinates"":[]}"
000000000000000000ab,70,12718,2393610,02393610,Columbus,C,5,1.23299674688E8,44906.2655247,{LST=104.67945334841092},"{""type"":""MultiPoint"",""coordinates"":[]}"
000000000000000000b8,222,41480,2395084,02395084,Medina,C,5,7.01540190336E7,37382.3456121,{LST=107.11514980993248},"{""type"":""MultiPoint"",""coordinates"":[]}"
00000000000000000011,364,66820,665860,00665860,Vermillion Twp.,T,1,8.81737514789E7,46050.2931923,{LST=104.0804857846765},"{""type"":""MultiPoint"",""coordinates"":[]}"
0000000000000000003e,48,10450,663767,00663767,Cedar Lake Twp.,T,1,9.38093573635E7,38708.4096188,{LST=105.3199256684841},"{""type"":""MultiPoint"",""coordinates"":[]}"
0000000000000000003f,134,25982,664354,00664354,Grey Cloud Island Twp.,T,1,6917884.55415,13835.5356842,{LST=102.51407335185708},"{""type"":""MultiPoint"",""coordinates"":[]}"
00000000000000000056,398,72130,666069,00666069,Young America Twp.,T,1,8.63585902742E7,65496.8811217,{LST=106.1340058399335},"{""type"":""MultiPoint"",""coordinates"":[]}"
00000000000000000059,130,25802,664346,00664346,Greenvale Twp.,T,1,7.38973725772E7,40021.4041479,{LST=104.46768034195006},"{""type"":""MultiPoint"",""coordinates"":[]}"
00000000000000000070,380,69520,665966,00665966,West Lakeland Twp.,T,1,3.28927777771E7,25426.6598889,{LST=103.36910117857443},"{""type"":""MultiPoint"",""coordinates"":[]}"
000000000000000000b4,180,35108,664705,00664705,Laketown Twp.,T,1,6.97496071473E7,52259.1392532,{LST=105.52244970238914},"{""type"":""MultiPoint"",""coordinates"":[]}"
000000000000000000b5,326,58486,665551,00665551,San Francisco Twp.,T,1,6.23902615132E7,44839.4038395,{LST=105.61594913935573},"{""type"":""MultiPoint"",""coordinates"":[]}"
000000000000000000b7,194,37376,664793,00664793,Linwood Twp.,T,1,9.35493039088E7,38516.6050177,{LST=104.7496096474324},"{""type"":""MultiPoint"",""coordinates"":[]}"
0000000000000000000e,78,13726,663886,00663886,Credit River Twp.,T,2,6.16157013734E7,33095.9493863,{LST=105.7794275702996},"{""type"":""MultiPoint"",""coordinates"":[]}"
0000000000000000002f,42,09406,663731,00663731,Camden Twp.,T,2,8.89798235933E7,47221.606938,{LST=105.73982207893529},"{""type"":""MultiPoint"",""coordinates"":[]}"
00000000000000000047,18,04852,663556,00663556,Belle Plaine Twp.,T,2,9.79194815235E7,54144.0294252,{LST=105.32645728963286},"{""type"":""MultiPoint"",""coordinates"":[]}"
0000000000000000005c,92,16228,663994,00663994,Douglas Twp.,T,2,8.80976411689E7,47706.5998768,{LST=103.05057217653291},"{""type"":""MultiPoint"",""coordinates"":[]}"
00000000000000000062,262,46330,665126,00665126,Nininger Twp.,T,2,4.23851958667E7,31163.0872948,{LST=103.06304790963485},"{""type"":""MultiPoint"",""coordinates"":[]}"
00000000000000000088,144,26918,664388,00664388,Hancock Twp.,T,2,4.60867985933E7,28784.4124343,{LST=106.02842389591348},"{""type"":""MultiPoint"",""coordinates"":[]}"
00000000000000000089,46,10306,663763,00663763,Castle Rock Twp.,T,2,9.15737827974E7,46102.6670632,{LST=104.12843584808402},"{""type"":""MultiPoint"",""coordinates"":[]}"
0000000000000000004a,252,45754,665104,00665104,New Market Twp.,T,3,8.38091689687E7,68189.2947995,{LST=105.93606080268921},"{""type"":""MultiPoint"",""coordinates"":[]}"
0000000000000000005a,370,67450,665887,00665887,Waconia Twp.,T,3,7.979766465E7,68259.651338,{LST=106.13042336167527},"{""type"":""MultiPoint"",""coordinates"":[]}"
00000000000000000060,328,58324,665541,00665541,Sand Creek Twp.,T,3,8.39634015781E7,50345.6657758,{LST=105.74265412978207},"{""type"":""MultiPoint"",""coordinates"":[]}"
0000000000000000006c,292,53116,665377,00665377,Randolph Twp.,T,3,2.74614268636E7,33153.5862461,{LST=102.86616669314562},"{""type"":""MultiPoint"",""coordinates"":[]}"
00000000000000000094,294,53260,665381,00665381,Ravenna Twp.,T,3,5.67793007127E7,36397.2119024,{LST=101.89666672699666},"{""type"":""MultiPoint"",""coordinates"":[]}"
000000000000000000ac,104,19376,664099,00664099,Empire Twp.,T,3,8.16689125846E7,50770.5551611,{LST=105.3661151391388},"{""type"":""MultiPoint"",""coordinates"":[]}"
000000000000000000b6,14,04132,663529,00663529,Baytown Twp.,T,3,2.37617672354E7,39625.5804134,{LST=103.43710280137344},"{""type"":""MultiPoint"",""coordinates"":[]}"
00000000000000000005,216,41120,664932,00664932,May Twp.,T,4,9.85027301689E7,42780.823108,{LST=102.9940400808849},"{""type"":""MultiPoint"",""coordinates"":[]}"
0000000000000000000f,214,40724,664919,00664919,Marshan Twp.,T,4,8.91414251492E7,43307.9068596,{LST=102.52457772544057},"{""type"":""MultiPoint"",""coordinates"":[]}"
00000000000000000027,332,59008,665569,00665569,Sciota Twp.,T,4,3.84727400307E7,25581.2418755,{LST=106.3508983114767},"{""type"":""MultiPoint"",""coordinates"":[]}"
0000000000000000002e,106,19871,664113,00664113,Eureka Twp.,T,4,9.11624674556E7,40174.2004507,{LST=105.83237995737554},"{""type"":""MultiPoint"",""coordinates"":[]}"
00000000000000000034,202,38294,664829,00664829,Louisville Twp.,T,4,3.77141749756E7,31643.8606914,{LST=105.15042421541628},"{""type"":""MultiPoint"",""coordinates"":[]}"
00000000000000000049,30,06418,663612,00663612,Blakeley Twp.,T,4,7.15594375353E7,55487.1024663,{LST=105.84344430314135},"{""type"":""MultiPoint"",""coordinates"":[]}"
00000000000000000051,154,28322,664443,00664443,Helena Twp.,T,4,8.79789834252E7,47278.3745979,{LST=105.2951268574294},"{""type"":""MultiPoint"",""coordinates"":[]}"
00000000000000000054,20,05266,663571,00663571,Benton Twp.,T,4,8.77417786989E7,55401.5850679,{LST=106.6549260154842},"{""type"":""MultiPoint"",""coordinates"":[]}"
00000000000000000061,376,68566,665931,00665931,Watertown Twp.,T,4,8.54178082806E7,65724.4559605,{LST=105.79002981328601},"{""type"":""MultiPoint"",""coordinates"":[]}"
00000000000000000072,90,15688,663965,00663965,Denmark Twp.,T,4,7.80487902264E7,41276.0540755,{LST=103.16636976180541},"{""type"":""MultiPoint"",""coordinates"":[]}"
0000000000000000002a,168,31580,664569,00664569,Jackson Twp.,T,5,1.55655277182E7,28872.8654181,{LST=105.99064297769675},"{""type"":""MultiPoint"",""coordinates"":[]}"
00000000000000000030,82,14482,663913,00663913,Dahlgren Twp.,T,5,9.14100166704E7,48212.0893573,{LST=106.51713574885221},"{""type"":""MultiPoint"",""coordinates"":[]}"
00000000000000000055,372,68530,665929,00665929,Waterford Twp.,T,5,3.81203722076E7,27696.6515766,{LST=103.28071657232415},"{""type"":""MultiPoint"",""coordinates"":[]}"
00000000000000000079,346,61978,665676,00665676,Spring Lake Twp.,T,5,7.37816734032E7,53095.026782,{LST=105.35899723919323},"{""type"":""MultiPoint"",""coordinates"":[]}"
00000000000000000082,142,26882,664386,00664386,Hampton Twp.,T,5,8.91632702056E7,50186.2910906,{LST=103.39707025695172},"{""type"":""MultiPoint"",""coordinates"":[]}"
00000000000000000083,354,62842,665712,00665712,Stillwater Twp.,T,5,4.12701033461E7,30519.8128525,{LST=103.1460543979758},"{""type"":""MultiPoint"",""coordinates"":[]}"
00000000000000000085,388,69916,665981,00665981,White Bear Twp.,T,5,2.8452964681E7,57933.3090696,{LST=102.70617076920809},"{""type"":""MultiPoint"",""coordinates"":[]}"
0000000000000000008f,316,57184,665519,00665519,St. Lawrence Twp.,T,5,3.76337124566E7,33219.0605178,{LST=105.86638955802557},"{""type"":""MultiPoint"",""coordinates"":[]}"
000000000000000000a9,158,29726,664502,00664502,Hollywood Twp.,T,5,9.27053645362E7,40261.4531991,{LST=105.55357852887039},"{""type"":""MultiPoint"",""coordinates"":[]}"
000000000000000000b0,118,21965,664202,00664202,Fort Snelling (unorg.),U,5,2.00623559189E7,25452.7103089,{LST=105.14836699535694},"{""type"":""MultiPoint"",""coordinates"":[]}"
